{
  "model": "fisheye",
  "image_width": 1920,
  "image_height": 1080,
  "rms": 0.9419738281221638,
  "mean_error_px": 0.05694203522509777,
  "valid_images": 51,
  "total_images": 51,
  "pattern_cols": 10,
  "pattern_rows": 7,
  "square_size_mm": 20.0,
  "camera_matrix": [
    [
      1064.8303383967896,
      0.0,
      902.597974781906
    ],
    [
      0.0,
      1060.5923092539929,
      527.7841165707601
    ],
    [
      0.0,
      0.0,
      1.0
    ]
  ],
  "distortion_coeffs": [
    -0.0914506435946378,
    -0.04859014806898928,
    0.040564403876555175,
    -0.003785479192727983
  ],
  "rectification_matrix": [
    [
      1.0,
      0.0,
      0.0
    ],
    [
      0.0,
      1.0,
      0.0
    ],
    [
      0.0,
      0.0,
      1.0
    ]
  ],
  "projection_matrix": [
    [
      936.0303568213753,
      0.0,
      809.319098390443,
      0.0
    ],
    [
      0.0,
      932.3049521369784,
      522.5222597430856,
      0.0
    ],
    [
      0.0,
      0.0,
      1.0,
      0.0
    ]
  ],
  "roi": [
    0,
    0,
    1920,
    1080
  ]
}